{
  "overall": {
    "precision": 0.9028903113248858,
    "recall": 0.6635022752267649,
    "mAP50": 0.7803517027447517,
    "mAP50-95": 0.5198315779669642
  },
  "per_class": {
    "helmet": {
      "precision": 0.8697080823902008,
      "recall": 0.6068469983158686,
      "mAP50": 0.7479222420129019,
      "mAP50-95": 0.5235435967001599
    },
    "no_helmet": {
      "precision": 0.9360725402595708,
      "recall": 0.7201575521376611,
      "mAP50": 0.8127811634766016,
      "mAP50-95": 0.5161195592337682
    }
  }
}