{
  "overall": {
    "precision": 0.89478881782604,
    "recall": 0.720646000409161,
    "mAP50": 0.7935146489912115,
    "mAP50-95": 0.5331997449888833
  },
  "per_class": {
    "helmet": {
      "precision": 0.8724086102950113,
      "recall": 0.6216198696707811,
      "mAP50": 0.7049383309316031,
      "mAP50-95": 0.5057908164807101
    },
    "no_helmet": {
      "precision": 0.9171690253570688,
      "recall": 0.819672131147541,
      "mAP50": 0.8820909670508198,
      "mAP50-95": 0.5606086734970566
    }
  }
}