{
  "overall": {
    "precision": 0.8857277264463932,
    "recall": 0.7139935482173512,
    "mAP50": 0.8180575228951201,
    "mAP50-95": 0.5476383512371534
  },
  "per_class": {
    "helmet": {
      "precision": 0.8479350461179898,
      "recall": 0.6083149652871612,
      "mAP50": 0.7408947296751289,
      "mAP50-95": 0.5395117223676347
    },
    "no_helmet": {
      "precision": 0.9235204067747967,
      "recall": 0.819672131147541,
      "mAP50": 0.8952203161151114,
      "mAP50-95": 0.5557649801066723
    }
  }
}